{"cameraMode":{"drawMode":0,"name":"Shaded","section":"Shading Mode"},"sceneLighting":true,"audioPlay":false,"sceneViewState":{"showFog":true,"showMaterialUpdate":false,"showSkybox":true,"showFlares":true,"showImageEffects":true,"showParticleSystems":true},"in2DMode":false,"pivot":{"x":25.91080093383789,"y":-18.306396484375,"z":-16.036317825317384},"rotation":{"x":-0.19307689368724824,"y":-0.7666030526161194,"z":0.2690163552761078,"w":-0.5501835942268372},"size":46.03562927246094,"orthographic":false}