{"cameraMode":{"drawMode":0,"name":"Shaded","section":"Shading Mode"},"sceneLighting":false,"audioPlay":false,"sceneViewState":{"showFog":true,"showMaterialUpdate":false,"showSkybox":false,"showFlares":true,"showImageEffects":true,"showParticleSystems":true},"in2DMode":false,"pivot":{"x":-0.3405120074748993,"y":0.056536246091127399,"z":-1.0697407722473145},"rotation":{"x":0.008474186062812806,"y":-0.9883659482002258,"z":0.05544878914952278,"w":0.14253342151641847},"size":2.828613758087158,"orthographic":false}