{"cameraMode":{"drawMode":0,"name":"Shaded","section":"Shading Mode"},"sceneLighting":true,"audioPlay":false,"sceneViewState":{"showFog":true,"showMaterialUpdate":false,"showSkybox":true,"showFlares":true,"showImageEffects":true,"showParticleSystems":true},"in2DMode":false,"pivot":{"x":-1.1826744079589844,"y":-11.152935028076172,"z":-17.198232650756837},"rotation":{"x":0.2960386872291565,"y":0.6947420835494995,"z":-0.39080098271369936,"w":0.5262801051139832},"size":30.797107696533204,"orthographic":false}