{"cameraMode":{"drawMode":0,"name":"Shaded","section":"Shading Mode"},"sceneLighting":true,"audioPlay":false,"sceneViewState":{"showFog":true,"showMaterialUpdate":false,"showSkybox":true,"showFlares":true,"showImageEffects":true,"showParticleSystems":true},"in2DMode":false,"pivot":{"x":26.426790237426759,"y":-16.568099975585939,"z":-24.06276512145996},"rotation":{"x":0.19929121434688569,"y":0.6946554183959961,"z":-0.21084608137607575,"w":0.6584779620170593},"size":79.9810562133789,"orthographic":false}