{"cameraMode":{"drawMode":0,"name":"Shaded","section":"Shading Mode"},"sceneLighting":true,"audioPlay":false,"sceneViewState":{"showFog":true,"showMaterialUpdate":false,"showSkybox":true,"showFlares":true,"showImageEffects":true,"showParticleSystems":true},"in2DMode":false,"pivot":{"x":-2.6740729808807375,"y":2.9475388526916506,"z":-4.027229309082031},"rotation":{"x":-0.1340177059173584,"y":-0.7831868529319763,"z":0.18130192160606385,"w":-0.5795808434486389},"size":9.184420585632325,"orthographic":false}