{"cameraMode":{"drawMode":0,"name":"Shaded","section":"Shading Mode"},"sceneLighting":false,"audioPlay":false,"sceneViewState":{"showFog":false,"showMaterialUpdate":false,"showSkybox":false,"showFlares":false,"showImageEffects":false,"showParticleSystems":false},"in2DMode":false,"pivot":{"x":0.36308541893959048,"y":1.081456184387207,"z":-1.8559436798095704},"rotation":{"x":0.028409915044903756,"y":0.5577512383460999,"z":-0.01958613097667694,"w":0.8293167352676392},"size":5.879349231719971,"orthographic":false}