{"cameraMode":{"drawMode":0,"name":"Shaded","section":"Shading Mode"},"sceneLighting":false,"audioPlay":false,"sceneViewState":{"showFog":true,"showMaterialUpdate":false,"showSkybox":false,"showFlares":true,"showImageEffects":true,"showParticleSystems":true},"in2DMode":false,"pivot":{"x":28.283348083496095,"y":1.2418707609176636,"z":-6.15364408493042},"rotation":{"x":-0.023930301889777185,"y":-0.9242862462997437,"z":0.0598611980676651,"w":-0.3762165904045105},"size":4.444796562194824,"orthographic":false}