{"cameraMode":{"drawMode":0,"name":"Shaded","section":"Shading Mode"},"sceneLighting":true,"audioPlay":false,"sceneViewState":{"showFog":true,"showMaterialUpdate":false,"showSkybox":true,"showFlares":true,"showImageEffects":true,"showParticleSystems":true},"in2DMode":false,"pivot":{"x":12.836592674255371,"y":-7.271455764770508,"z":-18.517417907714845},"rotation":{"x":0.29214510321617129,"y":0.4308997392654419,"z":-0.14976723492145539,"w":0.8405706882476807},"size":35.599708557128909,"orthographic":false}