{"cameraMode":{"drawMode":0,"name":"Shaded","section":"Shading Mode"},"sceneLighting":true,"audioPlay":false,"sceneViewState":{"showFog":true,"showMaterialUpdate":false,"showSkybox":true,"showFlares":true,"showImageEffects":true,"showParticleSystems":true},"in2DMode":false,"pivot":{"x":302.0137939453125,"y":-84.64838409423828,"z":93.31558227539063},"rotation":{"x":0.10411329567432404,"y":0.5765832662582398,"z":-0.07454920560121536,"w":0.8069873452186585},"size":350.01788330078127,"orthographic":false}