{"cameraMode":{"drawMode":0,"name":"Shaded","section":"Shading Mode"},"sceneLighting":true,"audioPlay":false,"sceneViewState":{"showFog":true,"showMaterialUpdate":false,"showSkybox":true,"showFlares":true,"showImageEffects":true,"showParticleSystems":true},"in2DMode":false,"pivot":{"x":3.8542537689208986,"y":4.120776176452637,"z":-10.413692474365235},"rotation":{"x":-0.22582364082336427,"y":-0.6846838593482971,"z":0.23750880360603333,"w":-0.6510055065155029},"size":24.18480682373047,"orthographic":false}