{
  "name": "root",
  "gauges": [
    {
      "name": "MouseBrain.mean_reward",
      "value": -1.1541732559971354,
      "min": -1.2251199340868382,
      "max": -1.1526532658220578,
      "count": 29
    }
  ],
  "total": 381.26258179999996,
  "count": 1,
  "self": 11.287615599999924,
  "children": [
    {
      "name": "TrainerController.advance",
      "total": 369.97496620000004,
      "count": 29292,
      "self": 12.604535799999894,
      "children": [
        {
          "name": "env_step",
          "total": 355.7349407000002,
          "count": 29292,
          "self": 342.9830790000043,
          "children": [
            {
              "name": "SubprocessEnvManager._take_step",
              "total": 12.505442399997651,
              "count": 29292,
              "self": 0.36582079999591954,
              "children": [
                {
                  "name": "PPOPolicy.evaluate",
                  "total": 12.139621600001732,
                  "count": 29292,
                  "self": 12.139621600001732
                }
              ]
            },
            {
              "name": "workers",
              "total": 0.24641929999823375,
              "count": 29291,
              "self": 0.0,
              "children": [
                {
                  "name": "worker_root",
                  "total": 377.16197720000144,
                  "count": 29291,
                  "is_parallel": true,
                  "self": 47.87881009999785,
                  "children": [
                    {
                      "name": "UnityEnvironment.step",
                      "total": 329.2831671000036,
                      "count": 29291,
                      "is_parallel": true,
                      "self": 5.394399299999122,
                      "children": [
                        {
                          "name": "UnityEnvironment._generate_step_input",
                          "total": 1.1104660000056903,
                          "count": 29291,
                          "is_parallel": true,
                          "self": 1.1104660000056903
                        },
                        {
                          "name": "communicator.exchange",
                          "total": 322.77830179999876,
                          "count": 29291,
                          "is_parallel": true,
                          "self": 322.77830179999876
                        }
                      ]
                    }
                  ]
                }
              ]
            }
          ]
        },
        {
          "name": "update_policy",
          "total": 1.6354896999999653,
          "count": 2,
          "self": 1.0015178000001015,
          "children": [
            {
              "name": "PPOPolicy.update",
              "total": 0.6339718999998638,
              "count": 60,
              "self": 0.6339718999998638
            }
          ]
        }
      ]
    }
  ]
}