{
  "name": "root",
  "gauges": [
    {
      "name": "MouseBrain.mean_reward",
      "value": 38.20163794234395,
      "min": 13.927863124758005,
      "max": 128.73375655524433,
      "count": 4000
    }
  ],
  "total": 13612.0082713,
  "count": 1,
  "self": 244.41240979869144,
  "children": [
    {
      "name": "TrainerController.advance",
      "total": 13367.595861501308,
      "count": 4000000,
      "self": 1538.3328583989296,
      "children": [
        {
          "name": "env_step",
          "total": 11563.188230702362,
          "count": 4000000,
          "self": 9731.626044201723,
          "children": [
            {
              "name": "SubprocessEnvManager._take_step",
              "total": 1802.7926486001331,
              "count": 4000000,
              "self": 46.85262040139742,
              "children": [
                {
                  "name": "PPOPolicy.evaluate",
                  "total": 1755.9400281987357,
                  "count": 4000000,
                  "self": 1755.9400281987357
                }
              ]
            },
            {
              "name": "workers",
              "total": 28.769537900506563,
              "count": 4000000,
              "self": 0.0,
              "children": [
                {
                  "name": "worker_root",
                  "total": 13528.223628599284,
                  "count": 4000000,
                  "is_parallel": true,
                  "self": 5657.515432600237,
                  "children": [
                    {
                      "name": "UnityEnvironment.step",
                      "total": 7870.708195999047,
                      "count": 4000000,
                      "is_parallel": true,
                      "self": 986.2631776996377,
                      "children": [
                        {
                          "name": "UnityEnvironment._generate_step_input",
                          "total": 137.07870099997893,
                          "count": 4000000,
                          "is_parallel": true,
                          "self": 137.07870099997893
                        },
                        {
                          "name": "communicator.exchange",
                          "total": 6747.366317299431,
                          "count": 4000000,
                          "is_parallel": true,
                          "self": 6747.366317299431
                        }
                      ]
                    }
                  ]
                }
              ]
            }
          ]
        },
        {
          "name": "update_policy",
          "total": 266.0747724000155,
          "count": 389,
          "self": 171.48587559998452,
          "children": [
            {
              "name": "PPOPolicy.update",
              "total": 94.58889680003097,
              "count": 11670,
              "self": 94.58889680003097
            }
          ]
        }
      ]
    }
  ]
}