{"cameraMode":{"drawMode":0,"name":"Shaded","section":"Shading Mode"},"sceneLighting":true,"audioPlay":false,"sceneViewState":{"showFog":true,"showMaterialUpdate":false,"showSkybox":true,"showFlares":true,"showImageEffects":true,"showParticleSystems":true},"in2DMode":false,"pivot":{"x":19.274450302124025,"y":-5.678877830505371,"z":3.9567928314208986},"rotation":{"x":-0.15419110655784608,"y":-0.6389572620391846,"z":0.1327786147594452,"w":-0.741868793964386},"size":26.695056915283204,"orthographic":false}